{
    "accuracy": 0.9523373052245646,
    "precision": 0.8518518518518519,
    "recall": 0.782312925170068,
    "auc": 0.9508316038279718
}